1,Carina,Scurra,Female,cscurrah0@blogger.com,15
2,Nero,Svensson,Male,ndraper1@apple.com,19
3,Shawne,Plumridege,Female,splumridege2@businesswire.com,55
4,Oswell,Benford,Male,obenford3@usa.gov,22
5,Morgana,Rosellini,Female,mrosellini4@ucoz.com,31
6,Dani,Belding,Male,dbelding5@marketwatch.com,35
7,Joletta,Sheering,Female,jsheering6@earthlink.net,43
8,Gil,Deverille,Male,gdeverille7@wordpress.com,19
9,Florinda,Faltin,Female,ffaltin8@google.cn,11
10,Alex,Heinsen,Male,aheinsen9@topsy.com,22
11,Loria,Spellsworth,Female,lspellswortha@shop-pro.jp,81
12,Merilee,McCay,Female,mmccayb@bbb.org,17
13,Kristine,Howgego,Female,khowgegoc@google.ca,67
14,Meara,Carreck,Female,mcarreckd@gov.uk,54
15,Celinda,Tipperton,Female,ctippertone@nhs.uk,21
16,Hayley,Ilyin,Female,hilyinf@wikispaces.com,20
17,Marius,Coker,Male,mcokerg@imgur.com,46
18,Basia,Musso,Female,bmussoh@reference.com,76
19,Dewie,Retallack,Male,dretallacki@dailymail.co.uk,26
20,Georgine,Lantoph,Female,glantophj@ifeng.com,47
21,Nell,Damerell,Female,ndamerellk@goo.ne.jp,92
22,Jillene,Tallach,Female,jtallachl@list-manage.com,61
23,Kore,Burgott,Female,kburgottm@discuz.net,62
24,Halie,Eyree,Female,heyreen@trellian.com,62
25,Hildegaard,Corryer,Female,hcorryero@bbb.org,20
26,Analiese,Castellone,Female,acastellonep@springer.com,52
27,Johan,Spånberg,Male,j.spanberg@live.com,34
28,Ludwig,Kleiser,Male,ludwigkleiser@hotmale.com,21
29,Johan,Spånberg,Male,none@none.com,19
30,Jobert,Spånbert,Male,j.spanberg@live.com,17
31,Jobert,Spånbert,Male,j.spanberg@live.com,18
32,Jobert2,Spånbert2,Male,j@live.com,19
33,Michael,Wood,Male,michaelwood@mail.com,18
